movieCd,rank,audiAcc,movieNm,movieNmEn,openDt,genre1,genre2,genre3,audits,image_url,userRating,link
20195002,1,1050331,블랙머니,BLACK MONEY,20191113.0,범죄,드라마,,12세이상관람가,https://ssl.pstatic.net/imgmovie/mdi/mit110/1890/189053_P108_105429.jpg,8.55,https://movie.naver.com/movie/bi/mi/basic.nhn?code=189053
20181434,2,1838581,신의 한 수: 귀수편,The Divine Move 2: The Wrathful,20191107.0,범죄,액션,,15세이상관람가,https://ssl.pstatic.net/imgmovie/mdi/mit110/1791/179159_P50_104524.jpg,8.03,https://movie.naver.com/movie/bi/mi/basic.nhn?code=179159
20191029,3,3491859,82년생 김지영,"KIM JI-YOUNG, BORN 1982",20191023.0,드라마,액션,,12세이상관람가,https://ssl.pstatic.net/imgmovie/mdi/mit110/1794/179482_P26_155441.jpg,6.69,https://movie.naver.com/movie/bi/mi/basic.nhn?code=179482
20192083,4,2310267,터미네이터: 다크 페이트,Terminator: Dark Fate,20191030.0,액션,어드벤처,SF,15세이상관람가,https://ssl.pstatic.net/imgmovie/mdi/mit110/1676/167605_P40_140111.jpg,8.62,https://movie.naver.com/movie/bi/mi/basic.nhn?code=167605
20197721,5,126377,엔젤 해즈 폴른,Angel Has Fallen,20191113.0,액션,스릴러,SF,15세이상관람가,https://ssl.pstatic.net/imgmovie/mdi/mit110/1638/163831_P26_144440.jpg,8.61,https://movie.naver.com/movie/bi/mi/basic.nhn?code=163831
20197279,6,319305,아담스 패밀리,The Addams Family,20191107.0,애니메이션,코미디,가족,전체관람가,https://ssl.pstatic.net/imgmovie/mdi/mit110/1843/184357_P12_104437.jpg,7.74,https://movie.naver.com/movie/bi/mi/basic.nhn?code=184357
20198421,7,104508,좀비랜드: 더블 탭,Zombieland: Double Tap,20191113.0,액션,코미디,공포(호러),15세이상관람가,https://ssl.pstatic.net/imgmovie/mdi/mit110/0744/74407_P21_112828.jpg,8.1,https://movie.naver.com/movie/bi/mi/basic.nhn?code=74407
20190280,8,612008,날씨의 아이,Weathering With You,20191030.0,애니메이션,판타지,멜로/로맨스,15세이상관람가,https://ssl.pstatic.net/imgmovie/mdi/mit110/1811/181114_P00_152033.jpg,7.86,https://movie.naver.com/movie/bi/mi/basic.nhn?code=181114
20196284,9,34608,윤희에게,Moonlit Winter,20191114.0,멜로/로맨스,판타지,멜로/로맨스,12세이상관람가,https://ssl.pstatic.net/imgmovie/mdi/mit110/1823/182387_P37_144748.jpg,9.19,https://movie.naver.com/movie/bi/mi/basic.nhn?code=182387
20199950,10,5239867,조커,Joker,20191002.0,액션,드라마,스릴러,15세이상관람가,https://ssl.pstatic.net/imgmovie/mdi/mit110/1676/167613_P09_182225.jpg,8.65,https://movie.naver.com/movie/bi/mi/basic.nhn?code=167613
20191589,6,1432023,말레피센트 2,Maleficent: Mistress of Evil,20191017.0,어드벤처,가족,판타지,12세이상관람가,https://ssl.pstatic.net/imgmovie/mdi/mit110/1676/167635_P27_100146.jpg,7.62,https://movie.naver.com/movie/bi/mi/basic.nhn?code=167635
20193801,8,46343,닥터 슬립,Doctor Sleep,20191107.0,스릴러,가족,판타지,15세이상관람가,https://ssl.pstatic.net/imgmovie/mdi/mit110/1859/185912_P01_113117.jpg,8.62,https://movie.naver.com/movie/bi/mi/basic.nhn?code=185912
20195920,9,2918537,가장 보통의 연애,Crazy Romance,20191002.0,멜로/로맨스,코미디,판타지,15세이상관람가,https://ssl.pstatic.net/imgmovie/mdi/mit110/1822/182205_P35_110342.jpg,7.84,https://movie.naver.com/movie/bi/mi/basic.nhn?code=182205
20192589,7,28884,빅 위시,SALMAS BIG WISH,20191030.0,판타지,애니메이션,어드벤처,전체관람가,https://ssl.pstatic.net/imgmovie/mdi/mit110/1863/186367_P12_154028.jpg,5.05,https://movie.naver.com/movie/bi/mi/basic.nhn?code=186367
20196136,8,92238,람보 : 라스트 워,Rambo: Last Blood,20191023.0,액션,애니메이션,어드벤처,청소년관람불가,https://ssl.pstatic.net/imgmovie/mdi/mit110/1292/129282_P25_145511.jpg,8.73,https://movie.naver.com/movie/bi/mi/basic.nhn?code=129282
20198184,10,11152,빅 2: 황금열쇠 대소동,Norm of the North: Keys to the Kingdom,20191030.0,애니메이션,가족,코미디,전체관람가,https://ssl.pstatic.net/imgmovie/mdi/mit110/1890/189035_P12_141236.jpg,6.83,https://movie.naver.com/movie/bi/mi/basic.nhn?code=189035
20184483,6,1224921,퍼펙트맨,Man of Men,20191002.0,코미디,드라마,코미디,15세이상관람가,https://ssl.pstatic.net/imgmovie/mdi/mit110/1803/180390_P34_154356.jpg,7.87,https://movie.naver.com/movie/bi/mi/basic.nhn?code=180390
20185361,7,169448,두번할까요,"LOVE, AGAIN",20191017.0,코미디,멜로/로맨스,코미디,15세이상관람가,https://ssl.pstatic.net/imgmovie/mdi/mit110/1754/175404_P12_140807.jpg,5.08,https://movie.naver.com/movie/bi/mi/basic.nhn?code=175404
20197054,8,32728,빅트립: 아기팬더 배달 대모험,Big trip,20191023.0,애니메이션,멜로/로맨스,코미디,전체관람가,https://ssl.pstatic.net/imgmovie/mdi/mit110/1891/189140_P16_134312.jpg,7.65,https://movie.naver.com/movie/bi/mi/basic.nhn?code=189140
20198961,9,10727,더 킹: 헨리 5세,The King,20191023.0,드라마,멜로/로맨스,코미디,청소년관람불가,https://ssl.pstatic.net/imgmovie/mdi/mit110/1875/187526_P14_105850.jpg,8.55,https://movie.naver.com/movie/bi/mi/basic.nhn?code=187526
19910247,10,11743,터미네이터2,Terminator II,19910706.0,액션,SF,스릴러,중학생이상관람가,https://ssl.pstatic.net/imgmovie/mdi/mit110/0620/62049_P01_160915.jpg,4.33,https://movie.naver.com/movie/bi/mi/basic.nhn?code=10200
20191183,6,375620,제미니 맨,Gemini Man,20191009.0,액션,드라마,SF,12세이상관람가,https://ssl.pstatic.net/imgmovie/mdi/mit110/1727/172764_P03_111945.jpg,6.69,https://movie.naver.com/movie/bi/mi/basic.nhn?code=172764
20194223,7,19205,너를 만난 여름,My Best Summer,20191016.0,드라마,멜로/로맨스,SF,12세이상관람가,https://ssl.pstatic.net/imgmovie/mdi/mit110/1877/187787_P22_112851.jpg,8.19,https://movie.naver.com/movie/bi/mi/basic.nhn?code=187787
20193601,8,1125481,장사리 : 잊혀진 영웅들,Battle of Jangsari,20190925.0,전쟁,멜로/로맨스,SF,12세이상관람가,https://ssl.pstatic.net/imgmovie/mdi/mit110/1598/159806_P02_134100.jpg,8.28,https://movie.naver.com/movie/bi/mi/basic.nhn?code=159806
20183407,9,11161,버티고,Vertigo,20191016.0,드라마,멜로/로맨스,SF,15세이상관람가,https://ssl.pstatic.net/imgmovie/mdi/mit110/1804/180402_P24_114315.jpg,6.28,https://movie.naver.com/movie/bi/mi/basic.nhn?code=180402
20196380,6,58604,몬스터 하우스,GNOME ALONE,20191003.0,애니메이션,어드벤처,SF,전체관람가,https://ssl.pstatic.net/imgmovie/mdi/mit110/1641/164160_P00_101611.jpg,8.0,https://movie.naver.com/movie/bi/mi/basic.nhn?code=164160
20195941,7,90886,소피와 드래곤: 마법책의 비밀,The Princess and The Dragon,20191002.0,애니메이션,판타지,어드벤처,전체관람가,https://ssl.pstatic.net/imgmovie/mdi/mit110/1875/187508_P22_160934.jpg,4.19,https://movie.naver.com/movie/bi/mi/basic.nhn?code=187508
20197691,8,17510,잃어버린 세계를 찾아서,Missing Link,20191009.0,애니메이션,어드벤처,어드벤처,전체관람가,https://ssl.pstatic.net/imgmovie/mdi/mit110/1816/181692_P21_144315.jpg,8.34,https://movie.naver.com/movie/bi/mi/basic.nhn?code=181692
20184243,9,16827,판소리 복서,My Punch-Drunk Boxer,20191009.0,코미디,드라마,어드벤처,12세이상관람가,https://ssl.pstatic.net/imgmovie/mdi/mit110/1747/174797_P44_135652.jpg,6.1,https://movie.naver.com/movie/bi/mi/basic.nhn?code=174797
20199446,10,270172,원스 어폰 어 타임... 인 할리우드,Once Upon a Time... in Hollywood,20190925.0,드라마,코미디,어드벤처,청소년관람불가,https://ssl.pstatic.net/imgmovie/mdi/mit110/1728/172836_P09_101700.jpg,7.64,https://movie.naver.com/movie/bi/mi/basic.nhn?code=172836
20194456,5,542651,양자물리학,By Quantum Physics: A Nightlife Venture,20190925.0,범죄,코미디,어드벤처,15세이상관람가,https://ssl.pstatic.net/imgmovie/mdi/mit110/1876/187629_P40_171937.jpg,8.3,https://movie.naver.com/movie/bi/mi/basic.nhn?code=187629
20188750,6,4556694,나쁜 녀석들: 더 무비,The Bad Guys: Reign of Chaos,20190911.0,범죄,액션,어드벤처,15세이상관람가,https://ssl.pstatic.net/imgmovie/mdi/mit110/1779/177909_P32_103957.jpg,6.44,https://movie.naver.com/movie/bi/mi/basic.nhn?code=177909
20192982,10,508767,애드 아스트라,AD ASTRA,20190919.0,SF,스릴러,어드벤처,12세이상관람가,https://ssl.pstatic.net/imgmovie/mdi/mit110/1598/159887_P21_155654.jpg,7.25,https://movie.naver.com/movie/bi/mi/basic.nhn?code=159887
20184572,6,2212819,타짜: 원 아이드 잭,Tazza: One Eyed Jack,20190911.0,범죄,드라마,어드벤처,청소년관람불가,https://ssl.pstatic.net/imgmovie/mdi/mit110/0969/96951_P31_160647.jpg,5.35,https://movie.naver.com/movie/bi/mi/basic.nhn?code=96951
20193807,7,292246,예스터데이,YESTERDAY,20190918.0,드라마,드라마,어드벤처,12세이상관람가,https://ssl.pstatic.net/imgmovie/mdi/mit110/1831/183110_P04_135636.jpg,6.51,https://movie.naver.com/movie/bi/mi/basic.nhn?code=183110
20187322,9,1166190,"힘을 내요, 미스터 리","CHEER UP, MR. LEE",20190911.0,코미디,드라마,어드벤처,12세이상관람가,https://ssl.pstatic.net/imgmovie/mdi/mit110/1753/175316_P33_112305.jpg,7.57,https://movie.naver.com/movie/bi/mi/basic.nhn?code=175316
20195968,10,44682,더 룸,The Room,20190925.0,미스터리,스릴러,어드벤처,15세이상관람가,https://ssl.pstatic.net/imgmovie/mdi/mit110/1839/183994_P19_111920.jpg,7.7,https://movie.naver.com/movie/bi/mi/basic.nhn?code=183994
20193821,6,558571,극장판 헬로카봇 : 달나라를 구해줘!,Hello Carbot the Movie: Save the Moon,20190904.0,애니메이션,스릴러,어드벤처,전체관람가,https://ssl.pstatic.net/imgmovie/mdi/mit110/1873/187366_P12_173131.jpg,7.5,https://movie.naver.com/movie/bi/mi/basic.nhn?code=187366
20192804,8,584467,그것: 두 번째 이야기,It Chapter Two,20190904.0,스릴러,스릴러,어드벤처,15세이상관람가,https://ssl.pstatic.net/imgmovie/mdi/mit110/1675/167560_P15_134853.jpg,6.22,https://movie.naver.com/movie/bi/mi/basic.nhn?code=167560
20184621,9,9407843,엑시트,EXIT,20190731.0,코미디,액션,어드벤처,12세이상관람가,https://ssl.pstatic.net/imgmovie/mdi/mit110/1749/174903_P56_101925.jpg,8.3,https://movie.naver.com/movie/bi/mi/basic.nhn?code=174903
20181103,10,93366,벌새,House of Hummingbird,20190829.0,드라마,액션,어드벤처,15세이상관람가,https://ssl.pstatic.net/imgmovie/mdi/mit110/1793/179307_P21_104817.jpg,8.9,https://movie.naver.com/movie/bi/mi/basic.nhn?code=179307
20181416,7,1225554,유열의 음악앨범,Tune in for Love,20190828.0,멜로/로맨스,드라마,어드벤처,12세이상관람가,https://ssl.pstatic.net/imgmovie/mdi/mit110/1791/179158_P35_115826.jpg,6.09,https://movie.naver.com/movie/bi/mi/basic.nhn?code=179158
20194045,8,56299,극장판 반지의 비밀일기,,20190911.0,애니메이션,드라마,어드벤처,전체관람가,https://ssl.pstatic.net/imgmovie/mdi/mit110/1859/185913_P12_101651.jpg,9.01,https://movie.naver.com/movie/bi/mi/basic.nhn?code=185913
20196850,9,3649860,분노의 질주: 홉스&쇼,Fast & Furious Presents: Hobbs & Shaw,20190814.0,액션,드라마,어드벤처,12세이상관람가,https://ssl.pstatic.net/imgmovie/mdi/mit110/1823/182355_P29_103027.jpg,7.83,https://movie.naver.com/movie/bi/mi/basic.nhn?code=182355
20184543,10,1797796,변신,Metamorphosis,20190821.0,공포(호러),스릴러,어드벤처,15세이상관람가,https://ssl.pstatic.net/imgmovie/mdi/mit110/1803/180351_P52_141008.jpg,6.8,https://movie.naver.com/movie/bi/mi/basic.nhn?code=180351
20193665,7,440356,47미터 2,47 METERS DOWN: UNCAGED,20190828.0,공포(호러),스릴러,어드벤처,15세이상관람가,https://ssl.pstatic.net/imgmovie/mdi/mit110/1871/187161_P20_165234.jpg,7.01,https://movie.naver.com/movie/bi/mi/basic.nhn?code=187161
20184462,8,4767092,봉오동 전투,The Battle: Roar to Victory,20190807.0,사극,액션,드라마,15세이상관람가,https://ssl.pstatic.net/imgmovie/mdi/mit110/1785/178526_P39_141329.jpg,7.9,https://movie.naver.com/movie/bi/mi/basic.nhn?code=178526
20194541,9,39817,안녕 베일리,A Dog's journey,20190905.0,가족,액션,드라마,전체관람가,https://ssl.pstatic.net/imgmovie/mdi/mit110/1817/181700_P34_164530.jpg,9.37,https://movie.naver.com/movie/bi/mi/basic.nhn?code=181700
20185985,10,632384,광대들: 풍문조작단,Jesters: The Game Changers,20190821.0,사극,액션,드라마,12세이상관람가,https://ssl.pstatic.net/imgmovie/mdi/mit110/1676/167653_P58_145534.jpg,6.36,https://movie.naver.com/movie/bi/mi/basic.nhn?code=167653
20194384,8,73250,안나,ANNA,20190828.0,액션,액션,드라마,15세이상관람가,https://ssl.pstatic.net/imgmovie/mdi/mit110/1836/183666_P01_135734.jpg,0.0,https://movie.naver.com/movie/bi/mi/basic.nhn?code=183666
20171021,9,194259,커런트 워,The Current War,20190822.0,드라마,액션,드라마,12세이상관람가,https://ssl.pstatic.net/imgmovie/mdi/mit110/1406/140656_P15_101312.jpg,7.78,https://movie.naver.com/movie/bi/mi/basic.nhn?code=140656
20198323,10,786502,레드슈즈,Red Shoes,20190725.0,애니메이션,코미디,판타지,전체관람가,https://ssl.pstatic.net/imgmovie/mdi/mit110/1649/164907_P27_114523.jpg,9.23,https://movie.naver.com/movie/bi/mi/basic.nhn?code=164907
20182241,7,189725,"안녕, 티라노: 영원히, 함께","My TYRANO: Together, Forever",20190814.0,애니메이션,코미디,판타지,전체관람가,https://ssl.pstatic.net/imgmovie/mdi/mit110/1546/154672_P27_101844.jpg,7.48,https://movie.naver.com/movie/bi/mi/basic.nhn?code=154672
20183844,8,1100521,마이펫의 이중생활 2,The Secret Life of Pets 2,20190731.0,애니메이션,어드벤처,코미디,전체관람가,https://ssl.pstatic.net/imgmovie/mdi/mit110/1803/180374_P29_165443.jpg,8.78,https://movie.naver.com/movie/bi/mi/basic.nhn?code=180374
20191604,9,37839,애프터,After,20190822.0,드라마,멜로/로맨스,코미디,15세이상관람가,https://ssl.pstatic.net/imgmovie/mdi/mit110/1816/181694_P12_100024.jpg,7.22,https://movie.naver.com/movie/bi/mi/basic.nhn?code=181694
20188404,6,85378,암전,Warning: Do Not Play,20190815.0,미스터리,공포(호러),코미디,15세이상관람가,https://ssl.pstatic.net/imgmovie/mdi/mit110/1775/177510_P40_150304.jpg,4.77,https://movie.naver.com/movie/bi/mi/basic.nhn?code=177510
20180442,7,1602046,사자,The Divine Fury,20190731.0,미스터리,액션,판타지,15세이상관람가,https://ssl.pstatic.net/imgmovie/mdi/mit110/1785/178544_P17_104316.jpg,6.89,https://movie.naver.com/movie/bi/mi/basic.nhn?code=178544
20187959,8,73851,원더랜드,Wonder Park,20190814.0,애니메이션,코미디,어드벤처,전체관람가,https://ssl.pstatic.net/imgmovie/mdi/mit110/1680/168086_P01_105302.jpg,8.4,https://movie.naver.com/movie/bi/mi/basic.nhn?code=168086
20183867,10,12501428,알라딘,Aladdin,20190523.0,어드벤처,가족,판타지,전체관람가,https://ssl.pstatic.net/imgmovie/mdi/mit110/1637/163788_P18_105943.jpg,9.38,https://movie.naver.com/movie/bi/mi/basic.nhn?code=163788
20193275,5,274064,브링 더 소울 : 더 무비,BRING THE SOUL : THE MOVIE,20190807.0,기타,가족,판타지,전체관람가,https://ssl.pstatic.net/imgmovie/mdi/mit110/1870/187051_P06_111618.jpg,9.14,https://movie.naver.com/movie/bi/mi/basic.nhn?code=187051
20175771,7,4684247,라이온 킹,The Lion King,20190717.0,어드벤처,드라마,가족,전체관람가,https://ssl.pstatic.net/imgmovie/mdi/mit110/1696/169637_P24_102228.jpg,8.26,https://movie.naver.com/movie/bi/mi/basic.nhn?code=169637
20191741,9,134529,앵그리 버드 2: 독수리 왕국의 침공,The Angry Birds Movie 2,20190807.0,애니메이션,액션,가족,전체관람가,https://ssl.pstatic.net/imgmovie/mdi/mit110/1675/167599_P27_175118.jpg,8.46,https://movie.naver.com/movie/bi/mi/basic.nhn?code=167599
20190741,10,29397,김복동,My Name Is KIM Bok-dong,20190808.0,다큐멘터리,액션,가족,12세이상관람가,https://ssl.pstatic.net/imgmovie/mdi/mit110/1851/185131_P16_144239.jpg,8.84,https://movie.naver.com/movie/bi/mi/basic.nhn?code=185131
20182490,7,930998,나랏말싸미,The King's Letters,20190724.0,사극,액션,가족,전체관람가,https://ssl.pstatic.net/imgmovie/mdi/mit110/1736/173668_P65_112539.jpg,3.36,https://movie.naver.com/movie/bi/mi/basic.nhn?code=173668
20196309,8,7996657,스파이더맨: 파 프롬 홈,Spider-Man: Far From Home,20190702.0,액션,어드벤처,코미디,12세이상관람가,https://ssl.pstatic.net/imgmovie/mdi/mit110/1731/173123_P06_135928.jpg,8.33,https://movie.naver.com/movie/bi/mi/basic.nhn?code=173123
20192725,9,214485,명탐정 코난: 감청의 권,Detective Conan: The Fist of Blue Sapphire,20190724.0,애니메이션,어드벤처,코미디,12세이상관람가,https://ssl.pstatic.net/imgmovie/mdi/mit110/1820/182001_P11_173153.jpg,4.9,https://movie.naver.com/movie/bi/mi/basic.nhn?code=182001
20190002,10,184741,롱 샷,LONG SHOT,20190724.0,코미디,어드벤처,코미디,15세이상관람가,https://ssl.pstatic.net/imgmovie/mdi/mit110/1680/168092_P33_140246.jpg,7.98,https://movie.naver.com/movie/bi/mi/basic.nhn?code=168092
20184047,8,3355808,토이 스토리 4,Toy Story 4,20190620.0,애니메이션,어드벤처,코미디,전체관람가,https://ssl.pstatic.net/imgmovie/mdi/mit110/1019/101966_P09_114632.jpg,9.05,https://movie.naver.com/movie/bi/mi/basic.nhn?code=101966
20183782,9,10041845,기생충,PARASITE,20190530.0,드라마,어드벤처,코미디,15세이상관람가,https://ssl.pstatic.net/imgmovie/mdi/mit110/1619/161967_P80_151640.jpg,8.47,https://movie.naver.com/movie/bi/mi/basic.nhn?code=161967
20185353,6,278008,기방도령,HOMME FATALE,20190710.0,코미디,사극,코미디,15세이상관람가,https://ssl.pstatic.net/imgmovie/mdi/mit110/1802/180209_P42_134851.jpg,5.62,https://movie.naver.com/movie/bi/mi/basic.nhn?code=180209
20185986,7,157393,진범,The Culprit,20190710.0,스릴러,사극,코미디,15세이상관람가,https://ssl.pstatic.net/imgmovie/mdi/mit110/1748/174834_P53_105510.jpg,6.38,https://movie.naver.com/movie/bi/mi/basic.nhn?code=174834
20192222,8,43202,사일런스,The Silence,20190717.0,공포(호러),스릴러,코미디,15세이상관람가,https://ssl.pstatic.net/imgmovie/mdi/mit110/1799/179973_P08_102347.jpg,5.45,https://movie.naver.com/movie/bi/mi/basic.nhn?code=179973
20191601,9,127100,극장판 엉덩이 탐정: 화려한 사건 수첩,Butt Detective The Movie,20190711.0,애니메이션,스릴러,코미디,전체관람가,https://ssl.pstatic.net/imgmovie/mdi/mit110/1837/183783_P16_105340.jpg,3.9,https://movie.naver.com/movie/bi/mi/basic.nhn?code=183783
20192151,10,69036,미드소마,Midsommar,20190711.0,공포(호러),스릴러,코미디,청소년관람불가,https://ssl.pstatic.net/imgmovie/mdi/mit110/1820/182014_P36_101012.jpg,6.59,https://movie.naver.com/movie/bi/mi/basic.nhn?code=182014
20199951,8,459037,애나벨 집으로,Annabelle Comes Home,20190626.0,공포(호러),미스터리,스릴러,15세이상관람가,https://ssl.pstatic.net/imgmovie/mdi/mit110/1838/183850_P16_113434.jpg,6.25,https://movie.naver.com/movie/bi/mi/basic.nhn?code=183850
20196655,9,913444,존 윅 3: 파라벨룸,John Wick: Chapter 3 - parabellum,20190626.0,액션,범죄,스릴러,청소년관람불가,https://ssl.pstatic.net/imgmovie/mdi/mit110/1816/181698_P38_102749.jpg,8.04,https://movie.naver.com/movie/bi/mi/basic.nhn?code=181698
20198453,7,1076594,롱 리브 더 킹: 목포 영웅,Long Live the King,20190619.0,액션,드라마,스릴러,15세이상관람가,https://ssl.pstatic.net/imgmovie/mdi/mit110/1791/179125_P44_162751.jpg,7.57,https://movie.naver.com/movie/bi/mi/basic.nhn?code=179125
20190273,8,228366,천로역정: 천국을 찾아서,The Pilgrim's Progress,20190613.0,애니메이션,어드벤처,스릴러,전체관람가,https://ssl.pstatic.net/imgmovie/mdi/mit110/1838/183836_P33_161902.jpg,8.72,https://movie.naver.com/movie/bi/mi/basic.nhn?code=183836
20182585,9,199009,비스트,The Beast,20190626.0,범죄,스릴러,스릴러,15세이상관람가,https://ssl.pstatic.net/imgmovie/mdi/mit110/1798/179875_P37_142918.jpg,5.21,https://movie.naver.com/movie/bi/mi/basic.nhn?code=179875
20192591,10,25000,BIFAN2019 판타스틱 단편 걸작선 1,Fantastic Short Films 1,,기타,스릴러,스릴러,15세이상관람가,https://ssl.pstatic.net/imgmovie/mdi/mit110/1836/183666_P01_135734.jpg,0.0,https://movie.naver.com/movie/bi/mi/basic.nhn?code=183666
20192022,9,37437,마담 싸이코,Greta,20190626.0,공포(호러),스릴러,스릴러,15세이상관람가,https://ssl.pstatic.net/imgmovie/mdi/mit110/1676/167633_P18_100754.jpg,6.79,https://movie.naver.com/movie/bi/mi/basic.nhn?code=167633
20196657,10,843703,맨 인 블랙: 인터내셔널,Men in Black: International,20190612.0,액션,코미디,SF,12세이상관람가,https://ssl.pstatic.net/imgmovie/mdi/mit110/0976/97631_P49_094859.jpg,5.12,https://movie.naver.com/movie/bi/mi/basic.nhn?code=97631
20190885,8,46546,사탄의 인형,Child's Play,20190620.0,공포(호러),코미디,SF,청소년관람불가,https://ssl.pstatic.net/imgmovie/mdi/mit110/1838/183820_P08_141424.jpg,6.75,https://movie.naver.com/movie/bi/mi/basic.nhn?code=183820
20182387,9,861032,엑스맨: 다크 피닉스,X-MEN: DARK PHOENIX,20190605.0,액션,어드벤처,SF,12세이상관람가,https://ssl.pstatic.net/imgmovie/mdi/mit110/1641/164125_P65_143635.jpg,5.99,https://movie.naver.com/movie/bi/mi/basic.nhn?code=164125
20190466,10,31379,세상을 바꾼 변호인,ON THE BASIS OF SEX,20190613.0,드라마,어드벤처,SF,12세이상관람가,https://ssl.pstatic.net/imgmovie/mdi/mit110/1378/137865_P17_113027.jpg,8.9,https://movie.naver.com/movie/bi/mi/basic.nhn?code=137865
19880001,6,142372,이웃집 토토로,My Neighbor Totoro,20010728.0,애니메이션,드라마,SF,전체관람가,https://ssl.pstatic.net/imgmovie/mdi/mit110/0187/18781_P40_110031.jpg,9.26,https://movie.naver.com/movie/bi/mi/basic.nhn?code=18781
20191401,7,30244,업사이드,The Upside,20190613.0,코미디,드라마,SF,12세이상관람가,https://ssl.pstatic.net/imgmovie/mdi/mit110/1670/167053_P13_111013.jpg,8.62,https://movie.naver.com/movie/bi/mi/basic.nhn?code=167053
20198291,8,98703,로켓맨,Rocketman,20190605.0,드라마,판타지,SF,15세이상관람가,https://ssl.pstatic.net/imgmovie/mdi/mit110/1817/181704_P35_105923.jpg,8.06,https://movie.naver.com/movie/bi/mi/basic.nhn?code=181704
20184889,10,13887813,어벤져스: 엔드게임,Avengers: Endgame,20190424.0,액션,SF,SF,12세이상관람가,https://ssl.pstatic.net/imgmovie/mdi/mit110/1369/136900_P57_104126.jpg,9.38,https://movie.naver.com/movie/bi/mi/basic.nhn?code=136900
20188941,6,3346654,악인전,"The Gangster, The Cop, The Devil",20190515.0,범죄,액션,SF,청소년관람불가,https://ssl.pstatic.net/imgmovie/mdi/mit110/1779/177967_P50_114447.jpg,7.89,https://movie.naver.com/movie/bi/mi/basic.nhn?code=177967
20184865,7,352862,고질라: 킹 오브 몬스터,Godzilla: King of the Monsters,20190529.0,액션,어드벤처,SF,12세이상관람가,https://ssl.pstatic.net/imgmovie/mdi/mit110/1373/137327_P17_171853.jpg,6.94,https://movie.naver.com/movie/bi/mi/basic.nhn?code=137327
20199063,8,44189,빅샤크2: 해저2만리,Happy Little Submarine : 20000 Leagues under the Sea,20190606.0,애니메이션,어드벤처,SF,전체관람가,https://ssl.pstatic.net/imgmovie/mdi/mit110/1838/183870_P25_095540.jpg,7.96,https://movie.naver.com/movie/bi/mi/basic.nhn?code=183870
20188144,10,133522,0.0MHz,0.0MHz,20190529.0,공포(호러),어드벤처,SF,15세이상관람가,https://ssl.pstatic.net/imgmovie/mdi/mit110/1773/177371_P20_114332.jpg,5.01,https://movie.naver.com/movie/bi/mi/basic.nhn?code=177371
20184082,7,1618601,걸캅스,Miss & Mrs. Cops,20190509.0,코미디,액션,SF,15세이상관람가,https://ssl.pstatic.net/imgmovie/mdi/mit110/1868/186899_P01_111320.jpg,7.0,https://movie.naver.com/movie/bi/mi/basic.nhn?code=186899
20199448,8,193949,어린 의뢰인,My First Client,20190522.0,드라마,가족,SF,12세이상관람가,https://ssl.pstatic.net/imgmovie/mdi/mit110/1801/180169_P64_101528.jpg,9.02,https://movie.naver.com/movie/bi/mi/basic.nhn?code=180169
20198597,9,65399,교회오빠,A Job Who Is near Us,20190516.0,다큐멘터리,가족,SF,전체관람가,https://ssl.pstatic.net/imgmovie/mdi/mit110/1831/183132_P05_134901.jpg,9.27,https://movie.naver.com/movie/bi/mi/basic.nhn?code=183132
20199822,10,88511,더 보이,Brightburn,20190523.0,공포(호러),SF,SF,15세이상관람가,https://ssl.pstatic.net/imgmovie/mdi/mit110/1817/181701_P09_111143.jpg,4.9,https://movie.naver.com/movie/bi/mi/basic.nhn?code=181701
20187981,6,270270,배심원들,Juror 8,20190515.0,드라마,SF,SF,12세이상관람가,https://ssl.pstatic.net/imgmovie/mdi/mit110/1817/181701_P09_111143.jpg,0.0,https://movie.naver.com/movie/bi/mi/basic.nhn?code=190001
20198598,8,680420,명탐정 피카츄,Pokemon Detective Pikachu,20190509.0,액션,어드벤처,코미디,전체관람가,https://ssl.pstatic.net/imgmovie/mdi/mit110/1676/167657_P03_163928.jpg,8.09,https://movie.naver.com/movie/bi/mi/basic.nhn?code=167657
20185784,9,1462434,나의 특별한 형제,Inseparable Bros,20190501.0,드라마,코미디,코미디,12세이상관람가,https://ssl.pstatic.net/imgmovie/mdi/mit110/1753/175366_P31_101140.jpg,8.91,https://movie.naver.com/movie/bi/mi/basic.nhn?code=175366
20198183,7,752508,뽀로로 극장판 보물섬 대모험,Treasure Island Adventure,20190425.0,애니메이션,가족,코미디,전체관람가,https://ssl.pstatic.net/imgmovie/mdi/mit110/1831/183136_P10_134628.jpg,9.28,https://movie.naver.com/movie/bi/mi/basic.nhn?code=183136
20185384,8,61163,호텔 뭄바이,Hotel Mumbai,20190508.0,스릴러,가족,코미디,15세이상관람가,https://ssl.pstatic.net/imgmovie/mdi/mit110/1650/165022_P15_153454.jpg,9.09,https://movie.naver.com/movie/bi/mi/basic.nhn?code=165022
20197503,10,19684,서스페리아,Suspiria,20190516.0,공포(호러),가족,코미디,청소년관람불가,https://ssl.pstatic.net/imgmovie/mdi/mit110/1515/151550_P22_095949.jpg,6.86,https://movie.naver.com/movie/bi/mi/basic.nhn?code=151550
20197147,9,50816,어글리 돌,UglyDolls,20190501.0,애니메이션,가족,코미디,전체관람가,https://ssl.pstatic.net/imgmovie/mdi/mit110/1820/182012_P08_135215.jpg,9.09,https://movie.naver.com/movie/bi/mi/basic.nhn?code=182012
20169323,10,25540,안도 타다오,Samurai Architect Tadao Ando,20190425.0,다큐멘터리,가족,코미디,전체관람가,https://ssl.pstatic.net/imgmovie/mdi/mit110/1488/148863_P10_094956.jpg,8.34,https://movie.naver.com/movie/bi/mi/basic.nhn?code=148863
20183096,6,1191113,생일,Birthday,20190403.0,드라마,가족,코미디,전체관람가,https://ssl.pstatic.net/imgmovie/mdi/mit110/1885/188525_P01_152424.jpg,0.0,https://movie.naver.com/movie/bi/mi/basic.nhn?code=188525
20181877,7,5796057,캡틴 마블,Captain Marvel,20190306.0,액션,어드벤처,SF,12세이상관람가,https://ssl.pstatic.net/imgmovie/mdi/mit110/1326/132623_P22_133853.jpg,6.75,https://movie.naver.com/movie/bi/mi/basic.nhn?code=132623
20060347,9,482408,판의 미로 - 오필리아와 세 개의 열쇠,Pan's Labyrinth,20061130.0,드라마,판타지,전쟁,15세이상관람가,https://ssl.pstatic.net/imgmovie/mdi/mit110/0493/49336_P59_105053.jpg,7.91,https://movie.naver.com/movie/bi/mi/basic.nhn?code=49336
20199736,10,10180,프렌즈: 둥지탈출,Manou the Swift,20190501.0,애니메이션,어드벤처,코미디,전체관람가,https://ssl.pstatic.net/imgmovie/mdi/mit110/1842/184253_P10_155905.jpg,8.74,https://movie.naver.com/movie/bi/mi/basic.nhn?code=184253
20183454,4,197125,요로나의 저주,The Curse of La Llorona,20190417.0,공포(호러),어드벤처,코미디,15세이상관람가,https://ssl.pstatic.net/imgmovie/mdi/mit110/1803/180399_P00_154546.jpg,6.83,https://movie.naver.com/movie/bi/mi/basic.nhn?code=180399
20180825,5,279305,미성년,Another Child,20190411.0,드라마,어드벤처,코미디,15세이상관람가,https://ssl.pstatic.net/imgmovie/mdi/mit110/1717/171785_P84_181225.jpg,8.31,https://movie.naver.com/movie/bi/mi/basic.nhn?code=171785
20198982,6,90320,크게 될 놈,,20190418.0,드라마,어드벤처,코미디,15세이상관람가,https://ssl.pstatic.net/imgmovie/mdi/mit110/1598/159845_P12_102707.jpg,8.8,https://movie.naver.com/movie/bi/mi/basic.nhn?code=159845
19990220,8,49958,노팅 힐,Notting Hill,19990703.0,멜로/로맨스,코미디,코미디,12세관람가,https://ssl.pstatic.net/imgmovie/mdi/mit110/0248/24830_P18_133358.jpg,9.07,https://movie.naver.com/movie/bi/mi/basic.nhn?code=24830
20176103,9,3388756,돈,Money,20190320.0,범죄,코미디,코미디,15세이상관람가,https://ssl.pstatic.net/imgmovie/mdi/mit110/1852/185267_P03_110346.jpg,4.88,https://movie.naver.com/movie/bi/mi/basic.nhn?code=185267
20198104,10,131698,바이스,VICE,20190411.0,드라마,코미디,코미디,15세이상관람가,https://ssl.pstatic.net/imgmovie/mdi/mit110/1904/190433_P01_173504.jpg,0.0,https://movie.naver.com/movie/bi/mi/basic.nhn?code=168045
20185406,4,311910,헬보이,Hellboy,20190410.0,액션,어드벤처,판타지,청소년관람불가,https://ssl.pstatic.net/imgmovie/mdi/mit110/1642/164200_P05_105455.jpg,6.83,https://movie.naver.com/movie/bi/mi/basic.nhn?code=164200
20182501,8,46139,왓칭,Watching,20190417.0,공포(호러),스릴러,판타지,15세이상관람가,https://ssl.pstatic.net/imgmovie/mdi/mit110/1736/173667_P27_101947.jpg,5.17,https://movie.naver.com/movie/bi/mi/basic.nhn?code=173667
20198844,10,83953,아이 엠 마더,Peppermint,20190411.0,액션,드라마,스릴러,15세이상관람가,https://ssl.pstatic.net/imgmovie/mdi/mit110/1830/183063_P01_142452.jpg,0.0,https://movie.naver.com/movie/bi/mi/basic.nhn?code=168096
20196244,5,636971,샤잠!,SHAZAM!,20190403.0,액션,드라마,스릴러,12세이상관람가,https://ssl.pstatic.net/imgmovie/mdi/mit110/1406/140649_P11_111034.jpg,5.83,https://movie.naver.com/movie/bi/mi/basic.nhn?code=140649
20185352,6,1450902,어스,Us,20190327.0,공포(호러),스릴러,스릴러,15세이상관람가,https://ssl.pstatic.net/imgmovie/mdi/mit110/1814/181414_P24_174349.jpg,6.79,https://movie.naver.com/movie/bi/mi/basic.nhn?code=181414
20197423,7,87134,공포의 묘지,Pet Sematary,20190410.0,공포(호러),스릴러,스릴러,15세이상관람가,https://ssl.pstatic.net/imgmovie/mdi/mit110/1814/181419_P28_165542.jpg,4.89,https://movie.naver.com/movie/bi/mi/basic.nhn?code=181419
20183773,8,390548,장난스런 키스,Fall in Love at First Kiss,20190327.0,멜로/로맨스,스릴러,스릴러,12세이상관람가,https://ssl.pstatic.net/imgmovie/mdi/mit110/1803/180381_P17_103533.jpg,8.21,https://movie.naver.com/movie/bi/mi/basic.nhn?code=180381
20198403,10,67395,파이브 피트,Five Feet Apart,20190410.0,드라마,멜로/로맨스,스릴러,15세이상관람가,https://ssl.pstatic.net/imgmovie/mdi/mit110/1819/181912_P10_135327.jpg,8.99,https://movie.naver.com/movie/bi/mi/basic.nhn?code=181912
20196025,7,296253,덤보,Dumbo,20190327.0,가족,판타지,스릴러,전체관람가,https://ssl.pstatic.net/imgmovie/mdi/mit110/1637/163787_P33_174808.jpg,8.92,https://movie.naver.com/movie/bi/mi/basic.nhn?code=163787
20197092,8,46938,로망,Romang,20190403.0,멜로/로맨스,판타지,스릴러,전체관람가,https://ssl.pstatic.net/imgmovie/mdi/mit110/1823/182348_P02_174720.jpg,9.31,https://movie.naver.com/movie/bi/mi/basic.nhn?code=182348
20198146,9,35223,콜레트,COLETTE,20190327.0,드라마,판타지,스릴러,15세이상관람가,https://ssl.pstatic.net/imgmovie/mdi/mit110/1715/171533_P29_143351.jpg,8.67,https://movie.naver.com/movie/bi/mi/basic.nhn?code=171533
20197846,6,254449,악질경찰,Jo Pil-ho: The Dawning Rage,20190320.0,범죄,드라마,스릴러,청소년관람불가,https://ssl.pstatic.net/imgmovie/mdi/mit110/1535/153580_P24_103637.jpg,5.78,https://movie.naver.com/movie/bi/mi/basic.nhn?code=153580
20175407,7,175481,우상,Idol,20190320.0,스릴러,드라마,스릴러,15세이상관람가,https://ssl.pstatic.net/imgmovie/mdi/mit110/1619/161984_P61_144815.jpg,3.93,https://movie.naver.com/movie/bi/mi/basic.nhn?code=161984
20166301,8,26086,썬키스 패밀리,Sunkist Family,20190327.0,가족,멜로/로맨스,코미디,15세이상관람가,https://ssl.pstatic.net/imgmovie/mdi/mit110/1526/152624_P34_161443.jpg,5.9,https://movie.naver.com/movie/bi/mi/basic.nhn?code=152624
20197483,9,46858,1919 유관순,1919 Yu-kwan-sun,20190314.0,다큐멘터리,멜로/로맨스,코미디,12세이상관람가,https://ssl.pstatic.net/imgmovie/mdi/mit110/1824/182407_P00_105405.jpg,8.34,https://movie.naver.com/movie/bi/mi/basic.nhn?code=182407
20197283,4,544462,이스케이프 룸,The Escape Room,20190314.0,액션,공포(호러),스릴러,15세이상관람가,https://ssl.pstatic.net/imgmovie/mdi/mit110/1804/180425_P19_175210.jpg,7.62,https://movie.naver.com/movie/bi/mi/basic.nhn?code=180425
20197356,6,93476,라스트 미션,The Mule,20190314.0,드라마,공포(호러),스릴러,15세이상관람가,https://ssl.pstatic.net/imgmovie/mdi/mit110/1799/179974_P01_153621.jpg,8.81,https://movie.naver.com/movie/bi/mi/basic.nhn?code=179974
20198603,7,24340,페이트 스테이 나이트 헤븐즈필 제2장 로스트 버터플라이,Fate/stay night [Heaven's Feel] II.lost butterfly,20190321.0,애니메이션,액션,판타지,15세이상관람가,https://ssl.pstatic.net/imgmovie/mdi/mit110/1692/169263_P01_094955.jpg,7.96,https://movie.naver.com/movie/bi/mi/basic.nhn?code=169263
20197617,8,22534,정글북: 마법 원정대,Savva,20190321.0,애니메이션,어드벤처,판타지,전체관람가,https://ssl.pstatic.net/imgmovie/mdi/mit110/1490/149022_P12_110503.jpg,6.99,https://movie.naver.com/movie/bi/mi/basic.nhn?code=149022
20184574,9,409871,그린 북,Green Book,20190109.0,드라마,어드벤처,판타지,12세이상관람가,https://ssl.pstatic.net/imgmovie/mdi/mit110/1715/171539_P26_135622.jpg,9.61,https://movie.naver.com/movie/bi/mi/basic.nhn?code=171539
20196601,10,1143977,항거:유관순 이야기,A Resistance,20190227.0,드라마,어드벤처,판타지,12세이상관람가,https://ssl.pstatic.net/imgmovie/mdi/mit110/1823/182360_P11_140223.jpg,8.62,https://movie.naver.com/movie/bi/mi/basic.nhn?code=182360
20182530,5,16243231,극한직업,Extreme Job,20190123.0,코미디,어드벤처,판타지,15세이상관람가,https://ssl.pstatic.net/imgmovie/mdi/mit110/1676/167651_P106_141030.jpg,8.52,https://movie.naver.com/movie/bi/mi/basic.nhn?code=167651
20185881,7,2519150,증인,Innocent Witness,20190213.0,드라마,어드벤처,판타지,12세이상관람가,https://ssl.pstatic.net/imgmovie/mdi/mit110/1773/177374_P100_112832.jpg,9.08,https://movie.naver.com/movie/bi/mi/basic.nhn?code=177374
20177539,8,2389760,사바하,SVAHA : THE SIXTH FINGER,20190220.0,미스터리,스릴러,판타지,15세이상관람가,https://ssl.pstatic.net/imgmovie/mdi/mit110/1670/167099_P13_101134.jpg,7.23,https://movie.naver.com/movie/bi/mi/basic.nhn?code=167099
20196723,10,18305,숲속왕국의 꿀벌 여왕,Tall Tales,20190314.0,애니메이션,어드벤처,코미디,전체관람가,https://ssl.pstatic.net/imgmovie/mdi/mit110/1822/182206_P12_121114.jpg,8.66,https://movie.naver.com/movie/bi/mi/basic.nhn?code=182206
20180937,7,133508,더 페이버릿: 여왕의 여자,THE FAVOURITE,20190221.0,드라마,어드벤처,코미디,15세이상관람가,https://ssl.pstatic.net/imgmovie/mdi/mit110/1489/148909_P29_164758.jpg,8.76,https://movie.naver.com/movie/bi/mi/basic.nhn?code=148909
20177282,8,16489,리노,Lino - Adventure of Seven Lives,20190307.0,애니메이션,어드벤처,가족,전체관람가,https://ssl.pstatic.net/imgmovie/mdi/mit110/1709/170953_P08_140411.jpg,8.07,https://movie.naver.com/movie/bi/mi/basic.nhn?code=170953
20176442,9,168884,자전차왕 엄복동,Race to Freedom : Um Bok Dong,20190227.0,드라마,어드벤처,가족,12세이상관람가,https://ssl.pstatic.net/imgmovie/mdi/mit110/1590/159070_P13_114738.jpg,3.84,https://movie.naver.com/movie/bi/mi/basic.nhn?code=159070
20195743,10,281705,신데렐라:마법 반지의 비밀,Cinderella and The Secret Prince,20190220.0,애니메이션,판타지,가족,전체관람가,https://ssl.pstatic.net/imgmovie/mdi/mit110/1819/181959_P11_114544.jpg,6.33,https://movie.naver.com/movie/bi/mi/basic.nhn?code=181959
20195791,7,70827,"어쩌다, 결혼",Trade Your Love,20190227.0,멜로/로맨스,코미디,가족,12세이상관람가,https://ssl.pstatic.net/imgmovie/mdi/mit110/1676/167629_P17_105046.jpg,4.46,https://movie.naver.com/movie/bi/mi/basic.nhn?code=167629
20186261,8,1498759,드래곤 길들이기 3,How to Train Your Dragon 3,20190130.0,애니메이션,코미디,가족,전체관람가,https://ssl.pstatic.net/imgmovie/mdi/mit110/1091/109193_P21_103935.jpg,9.24,https://movie.naver.com/movie/bi/mi/basic.nhn?code=109193
20188282,10,1946206,알리타: 배틀 엔젤,Alita: Battle Angel,20190205.0,액션,어드벤처,멜로/로맨스,12세이상관람가,https://ssl.pstatic.net/imgmovie/mdi/mit110/0667/66728_P38_102726.jpg,8.69,https://movie.naver.com/movie/bi/mi/basic.nhn?code=66728
20195915,6,392397,해피 데스데이 2 유,Happy Death Day 2 U,20190214.0,공포(호러),코미디,멜로/로맨스,15세이상관람가,https://ssl.pstatic.net/imgmovie/mdi/mit110/1814/181411_P02_101349.jpg,7.36,https://movie.naver.com/movie/bi/mi/basic.nhn?code=181411
20020222,8,79301,해리포터와 비밀의 방,Harry Potter And The Chamber Of Secrets,20021213.0,드라마,코미디,멜로/로맨스,전체관람가,https://ssl.pstatic.net/imgmovie/mdi/mit110/0339/C3930-06.jpg,8.86,https://movie.naver.com/movie/bi/mi/basic.nhn?code=33930
20185576,9,78303,콜드 체이싱,Cold Pursuit,20190220.0,액션,코미디,멜로/로맨스,15세이상관람가,https://ssl.pstatic.net/imgmovie/mdi/mit110/1814/181409_P30_100656.jpg,6.65,https://movie.naver.com/movie/bi/mi/basic.nhn?code=181409
20184888,10,199519,메리 포핀스 리턴즈,Mary Poppins Returns,20190214.0,판타지,뮤지컬,멜로/로맨스,전체관람가,https://ssl.pstatic.net/imgmovie/mdi/mit110/1511/151151_P24_105029.jpg,8.15,https://movie.naver.com/movie/bi/mi/basic.nhn?code=151151
20174169,5,216254,기묘한 가족,THE ODD FAMILY : ZOMBIE ON SALE,20190213.0,코미디,가족,멜로/로맨스,12세이상관람가,https://ssl.pstatic.net/imgmovie/mdi/mit110/1690/169078_P66_101231.jpg,6.04,https://movie.naver.com/movie/bi/mi/basic.nhn?code=169078
20180868,8,1821147,뺑반,Hit-and-Run Squad,20190130.0,범죄,액션,멜로/로맨스,15세이상관람가,https://ssl.pstatic.net/imgmovie/mdi/mit110/1641/164173_P45_171744.jpg,6.01,https://movie.naver.com/movie/bi/mi/basic.nhn?code=164173
20162003,9,83376,명탐정 코난:전율의 악보,Detective Conan: Full Score of Fear,20190214.0,애니메이션,미스터리,멜로/로맨스,12세이상관람가,https://ssl.pstatic.net/imgmovie/mdi/mit110/0482/48233_P05_140218.jpg,8.27,https://movie.naver.com/movie/bi/mi/basic.nhn?code=48233
20185478,10,558144,극장판 헬로카봇: 옴파로스 섬의 비밀,Hello Carbot The Movie: The Secret of Omphalos Island,20190131.0,애니메이션,미스터리,멜로/로맨스,전체관람가,https://ssl.pstatic.net/imgmovie/mdi/mit110/1815/181554_P23_112202.jpg,8.74,https://movie.naver.com/movie/bi/mi/basic.nhn?code=181554
20185444,6,71030,레고 무비2,The Lego Movie 2: The Second Part,20190206.0,애니메이션,액션,어드벤처,전체관람가,https://ssl.pstatic.net/imgmovie/mdi/mit110/1254/125438_P06_114959.jpg,8.73,https://movie.naver.com/movie/bi/mi/basic.nhn?code=125438
20184105,7,2848736,말모이,MAL·MO·E: The Secret Mission,20190109.0,드라마,액션,어드벤처,12세이상관람가,https://ssl.pstatic.net/imgmovie/mdi/mit110/1676/167699_P40_175859.jpg,9.09,https://movie.naver.com/movie/bi/mi/basic.nhn?code=167699
20185124,8,342366,러브 유어셀프 인 서울,LOVE YOURSELF IN SEOUL,20190126.0,공연,액션,어드벤처,전체관람가,https://ssl.pstatic.net/imgmovie/mdi/mit110/1802/180220_P01_102406.jpg,9.3,https://movie.naver.com/movie/bi/mi/basic.nhn?code=180220
20184896,10,87787,가버나움,Capharnaum,20190124.0,드라마,액션,어드벤처,15세이상관람가,https://ssl.pstatic.net/imgmovie/mdi/mit110/1748/174830_P17_104205.jpg,9.6,https://movie.naver.com/movie/bi/mi/basic.nhn?code=174830
20176251,7,1910802,내안의 그놈,The Dude in Me,20190109.0,판타지,코미디,어드벤처,15세이상관람가,https://ssl.pstatic.net/imgmovie/mdi/mit110/1641/164172_P08_114039.jpg,8.18,https://movie.naver.com/movie/bi/mi/basic.nhn?code=164172
20189463,10,1754950,주먹왕 랄프 2: 인터넷 속으로,Ralph Breaks the Internet,20190103.0,애니메이션,어드벤처,코미디,전체관람가,https://ssl.pstatic.net/imgmovie/mdi/mit110/1526/152632_P19_104759.jpg,8.66,https://movie.naver.com/movie/bi/mi/basic.nhn?code=152632
20182544,6,452460,글래스,Glass,20190117.0,드라마,미스터리,SF,15세이상관람가,https://ssl.pstatic.net/imgmovie/mdi/mit110/1898/189868_P01_174310.jpg,0.0,https://movie.naver.com/movie/bi/mi/basic.nhn?code=189868
20186324,7,176837,언더독,Underdog,20190116.0,애니메이션,미스터리,SF,전체관람가,https://ssl.pstatic.net/imgmovie/mdi/mit110/1443/144318_P19_100103.jpg,9.31,https://movie.naver.com/movie/bi/mi/basic.nhn?code=144318
20185485,8,9910706,보헤미안 랩소디,Bohemian Rhapsody,20181031.0,드라마,미스터리,SF,12세이상관람가,https://ssl.pstatic.net/imgmovie/mdi/mit110/1564/156464_P49_182103.jpg,9.42,https://movie.naver.com/movie/bi/mi/basic.nhn?code=156464
20189385,10,30571,몬스터 파크,Here Comes the Grump,20190123.0,애니메이션,어드벤처,코미디,전체관람가,https://ssl.pstatic.net/imgmovie/mdi/mit110/1680/168056_P10_100606.jpg,7.24,https://movie.naver.com/movie/bi/mi/basic.nhn?code=168056
20180290,6,5019235,아쿠아맨,AQUAMAN,20181219.0,액션,어드벤처,코미디,12세이상관람가,https://ssl.pstatic.net/imgmovie/mdi/mit110/1680/168056_P10_100606.jpg,10.0,https://movie.naver.com/movie/bi/mi/basic.nhn?code=151153
20183915,7,379569,극장판 공룡메카드: 타이니소어의 섬,,20190110.0,애니메이션,어드벤처,코미디,전체관람가,https://ssl.pstatic.net/imgmovie/mdi/mit110/1803/180372_P16_101254.jpg,9.14,https://movie.naver.com/movie/bi/mi/basic.nhn?code=180372
20182588,9,77985,미래의 미라이,MIRAI,20190116.0,애니메이션,어드벤처,코미디,전체관람가,https://ssl.pstatic.net/imgmovie/mdi/mit110/1721/172137_P12_134909.jpg,6.02,https://movie.naver.com/movie/bi/mi/basic.nhn?code=172137
20186281,8,1553491,범블비,Bumblebee,20181225.0,액션,어드벤처,SF,12세이상관람가,https://ssl.pstatic.net/imgmovie/mdi/mit110/1641/164139_P12_153521.jpg,8.08,https://movie.naver.com/movie/bi/mi/basic.nhn?code=164139
20170658,9,1665200,PMC: 더 벙커,Take Point,20181226.0,액션,어드벤처,SF,15세이상관람가,https://ssl.pstatic.net/imgmovie/mdi/mit110/1660/166092_P35_104446.jpg,5.2,https://movie.naver.com/movie/bi/mi/basic.nhn?code=166092
20175547,10,1462873,스윙키즈,Swing Kids,20181219.0,드라마,어드벤처,SF,12세이상관람가,https://ssl.pstatic.net/imgmovie/mdi/mit110/1641/164101_P62_155759.jpg,8.37,https://movie.naver.com/movie/bi/mi/basic.nhn?code=164101
20183785,7,521053,점박이 한반도의 공룡2 : 새로운 낙원,,20181225.0,애니메이션,어드벤처,SF,전체관람가,https://ssl.pstatic.net/imgmovie/mdi/mit110/1803/180379_P32_111508.jpg,9.13,https://movie.naver.com/movie/bi/mi/basic.nhn?code=180379
20184187,8,172338,언니,No Mercy,20190101.0,액션,어드벤처,SF,청소년관람불가,https://ssl.pstatic.net/imgmovie/mdi/mit110/1874/187444_P01_113615.jpg,8.33,https://movie.naver.com/movie/bi/mi/basic.nhn?code=187444
20182421,10,543813,그린치,The Grinch,20181219.0,애니메이션,코미디,SF,전체관람가,https://ssl.pstatic.net/imgmovie/mdi/mit110/1506/150688_P30_101919.jpg,8.34,https://movie.naver.com/movie/bi/mi/basic.nhn?code=150688
20168773,5,1787825,마약왕,The Drug King,20181219.0,범죄,드라마,SF,청소년관람불가,https://ssl.pstatic.net/imgmovie/mdi/mit110/1572/157297_P23_134212.jpg,6.33,https://movie.naver.com/movie/bi/mi/basic.nhn?code=157297
20183479,9,259753,극장판 짱구는 못말려: 아뵤! 쿵후 보이즈 ~라면 대란~,Crayon Shin-chan: Burst Serving! Kung Fu Boys - Ramen Rebellion,20181219.0,애니메이션,드라마,SF,전체관람가,https://ssl.pstatic.net/imgmovie/mdi/mit110/1729/172975_P10_141815.jpg,8.2,https://movie.naver.com/movie/bi/mi/basic.nhn?code=172975
20183238,10,628327,스파이더맨: 뉴 유니버스,Spider-Man: Into the Spider-Verse,20181212.0,애니메이션,액션,가족,12세이상관람가,https://ssl.pstatic.net/imgmovie/mdi/mit110/1717/171725_P18_175530.jpg,9.21,https://movie.naver.com/movie/bi/mi/basic.nhn?code=171725
20177552,6,3723913,국가부도의 날,Default,20181128.0,드라마,액션,가족,12세이상관람가,https://ssl.pstatic.net/imgmovie/mdi/mit110/1641/164192_P45_134107.jpg,8.14,https://movie.naver.com/movie/bi/mi/basic.nhn?code=164192
20179230,8,1546002,도어락,Door Lock,20181205.0,스릴러,드라마,가족,15세이상관람가,https://ssl.pstatic.net/imgmovie/mdi/mit110/1717/171755_P39_140011.jpg,5.93,https://movie.naver.com/movie/bi/mi/basic.nhn?code=171755
20183375,10,86997,극장판 포켓몬스터 모두의 이야기,Pokemon the Movie: The Power of Us,20181219.0,애니메이션,드라마,가족,전체관람가,https://ssl.pstatic.net/imgmovie/mdi/mit110/1721/172187_P19_110125.jpg,8.96,https://movie.naver.com/movie/bi/mi/basic.nhn?code=172187
20189843,5,408425,호두까기 인형과 4개의 왕국,The Nutcracker and the Four Realms,20181206.0,판타지,드라마,가족,전체관람가,https://ssl.pstatic.net/imgmovie/mdi/mit110/1586/158622_P18_142307.jpg,7.13,https://movie.naver.com/movie/bi/mi/basic.nhn?code=158622
20182082,6,87501,부탁 하나만 들어줘,A Simple Favor,20181212.0,스릴러,미스터리,가족,청소년관람불가,https://ssl.pstatic.net/imgmovie/mdi/mit110/1714/171452_P19_174244.jpg,7.79,https://movie.naver.com/movie/bi/mi/basic.nhn?code=171452
20178825,8,262070,모털 엔진,Mortal Engines,20181205.0,액션,어드벤처,SF,12세이상관람가,https://ssl.pstatic.net/imgmovie/mdi/mit110/1564/156496_P24_153246.jpg,6.12,https://movie.naver.com/movie/bi/mi/basic.nhn?code=156496
20183745,9,180709,런닝맨 : 풀룰루의 역습,Running Man,20181205.0,애니메이션,어드벤처,SF,전체관람가,https://ssl.pstatic.net/imgmovie/mdi/mit110/1803/180384_P14_152246.jpg,7.72,https://movie.naver.com/movie/bi/mi/basic.nhn?code=180384
20177538,10,5270621,완벽한 타인,Intimate Strangers,20181031.0,드라마,코미디,SF,15세이상관람가,https://ssl.pstatic.net/imgmovie/mdi/mit110/1887/188710_P01_135128.jpg,0.0,https://movie.naver.com/movie/bi/mi/basic.nhn?code=188710
20184481,7,1567264,성난황소,Unstoppable,20181122.0,범죄,액션,SF,15세이상관람가,https://ssl.pstatic.net/imgmovie/mdi/mit110/1748/174835_P26_105639.jpg,7.48,https://movie.naver.com/movie/bi/mi/basic.nhn?code=174835
20181905,9,276658,후드,Robin Hood,20181128.0,어드벤처,액션,SF,12세이상관람가,https://ssl.pstatic.net/imgmovie/mdi/mit110/1898/189861_P01_163154.jpg,0.0,https://movie.naver.com/movie/bi/mi/basic.nhn?code=189861
20176814,10,2403686,신비한 동물들과 그린델왈드의 범죄,Fantastic Beasts: The Crimes of Grindelwald,20181114.0,판타지,액션,SF,12세이상관람가,https://ssl.pstatic.net/imgmovie/mdi/mit110/1542/154255_P24_095824.jpg,6.16,https://movie.naver.com/movie/bi/mi/basic.nhn?code=154255
20183073,7,78439,베일리 어게인,A Dog's Purpose,20181122.0,어드벤처,드라마,코미디,전체관람가,https://ssl.pstatic.net/imgmovie/mdi/mit110/1449/144906_P15_103017.jpg,9.54,https://movie.naver.com/movie/bi/mi/basic.nhn?code=144906
20181171,8,229837,바울,"Paul, Apostle Of Christ",20181031.0,드라마,드라마,코미디,15세이상관람가,https://ssl.pstatic.net/imgmovie/mdi/mit110/1736/173692_P12_102159.jpg,9.17,https://movie.naver.com/movie/bi/mi/basic.nhn?code=173692
20183007,9,25172,거미줄에 걸린 소녀,THE GIRL IN THE SPIDER’S WEB,20181128.0,액션,스릴러,범죄,15세이상관람가,https://ssl.pstatic.net/imgmovie/mdi/mit110/1618/161868_P24_151256.jpg,7.84,https://movie.naver.com/movie/bi/mi/basic.nhn?code=161868
20182966,10,20419,투 프렌즈,TWO TAILS,20181129.0,애니메이션,어드벤처,범죄,전체관람가,https://ssl.pstatic.net/imgmovie/mdi/mit110/1791/179138_P01_151818.jpg,4.51,https://movie.naver.com/movie/bi/mi/basic.nhn?code=179138
20183050,5,298402,번 더 스테이지: 더 무비,Burn the Stage: the Movie,20181115.0,기타,어드벤처,범죄,전체관람가,https://ssl.pstatic.net/imgmovie/mdi/mit110/1763/176354_P13_150227.jpg,9.31,https://movie.naver.com/movie/bi/mi/basic.nhn?code=176354
20182935,8,71407,출국,Unfinished,20181114.0,드라마,어드벤처,범죄,15세이상관람가,https://ssl.pstatic.net/imgmovie/mdi/mit110/1864/186453_P03_141045.jpg,0.0,https://movie.naver.com/movie/bi/mi/basic.nhn?code=186453
20182669,9,24325,툴리,TULLY,20181122.0,드라마,어드벤처,범죄,15세이상관람가,https://ssl.pstatic.net/imgmovie/mdi/mit110/1546/154653_P12_102646.jpg,8.89,https://movie.naver.com/movie/bi/mi/basic.nhn?code=154653
20186822,10,48910,너의 췌장을 먹고 싶어,I want to eat your pancreas,20181115.0,애니메이션,드라마,범죄,12세이상관람가,https://ssl.pstatic.net/imgmovie/mdi/mit110/1753/175318_P15_105507.jpg,8.19,https://movie.naver.com/movie/bi/mi/basic.nhn?code=175318
20170513,5,445625,동네사람들,Ordinary People,20181107.0,액션,스릴러,범죄,15세이상관람가,https://ssl.pstatic.net/imgmovie/mdi/mit110/1666/166610_P58_154049.jpg,5.28,https://movie.naver.com/movie/bi/mi/basic.nhn?code=166610
20189869,10,15745,해피 투게더,Happy Together,20181115.0,드라마,코미디,범죄,12세이상관람가,https://ssl.pstatic.net/imgmovie/mdi/mit110/1641/164147_P46_165808.jpg,7.46,https://movie.naver.com/movie/bi/mi/basic.nhn?code=164147
20174981,5,1588443,창궐,Rampant,20181025.0,사극,액션,범죄,15세이상관람가,https://ssl.pstatic.net/imgmovie/mdi/mit110/1604/160487_P48_113750.jpg,5.05,https://movie.naver.com/movie/bi/mi/basic.nhn?code=160487
20010291,6,259733,해리포터와 마법사의 돌,Harry Potter And The Socrerers Stone,20011213.0,가족,판타지,범죄,전체관람가,https://ssl.pstatic.net/imgmovie/mdi/mit110/0306/30688_P28_142632.jpg,9.23,https://movie.naver.com/movie/bi/mi/basic.nhn?code=30688
20179006,7,55997,여곡성,The Wrath,20181108.0,공포(호러),미스터리,범죄,15세이상관람가,https://ssl.pstatic.net/imgmovie/mdi/mit110/1717/171750_P05_173050.jpg,4.18,https://movie.naver.com/movie/bi/mi/basic.nhn?code=171750
20181404,8,211233,벽 속에 숨은 마법시계,The house with a clock in its walls,20181031.0,판타지,공포(호러),미스터리,전체관람가,https://ssl.pstatic.net/imgmovie/mdi/mit110/1641/164155_P03_122329.jpg,6.0,https://movie.naver.com/movie/bi/mi/basic.nhn?code=164155
20180523,9,458917,스타 이즈 본,A Star Is Born,20181009.0,드라마,멜로/로맨스,미스터리,15세이상관람가,https://ssl.pstatic.net/imgmovie/mdi/mit110/1680/168050_P19_100458.jpg,9.16,https://movie.naver.com/movie/bi/mi/basic.nhn?code=168050
20182693,10,21400,구스범스: 몬스터의 역습,Goosebumps 2: Haunted Halloween,20181107.0,판타지,어드벤처,미스터리,12세이상관람가,https://ssl.pstatic.net/imgmovie/mdi/mit110/1728/172819_P01_163303.jpg,7.33,https://movie.naver.com/movie/bi/mi/basic.nhn?code=172819
20180987,6,90492,할로윈,Halloween,20181031.0,공포(호러),어드벤처,미스터리,청소년관람불가,https://ssl.pstatic.net/imgmovie/mdi/mit110/1708/170879_P03_161546.jpg,6.3,https://movie.naver.com/movie/bi/mi/basic.nhn?code=170879
20179189,7,3777611,암수살인,Dark Figure of Crime,20181003.0,범죄,드라마,미스터리,15세이상관람가,https://ssl.pstatic.net/imgmovie/mdi/mit110/1671/167105_P28_103614.jpg,8.32,https://movie.naver.com/movie/bi/mi/basic.nhn?code=167105
20189067,8,710780,미쓰백,Miss Baek,20181011.0,드라마,드라마,미스터리,15세이상관람가,https://ssl.pstatic.net/imgmovie/mdi/mit110/1553/155356_P29_104216.jpg,9.1,https://movie.naver.com/movie/bi/mi/basic.nhn?code=155356
20182403,10,147806,크레이지 리치 아시안,Crazy Rich Asians,20181025.0,멜로/로맨스,코미디,미스터리,12세이상관람가,https://ssl.pstatic.net/imgmovie/mdi/mit110/1680/168047_P06_140254.jpg,7.03,https://movie.naver.com/movie/bi/mi/basic.nhn?code=168047
20186321,3,630470,퍼스트맨,First Man,20181018.0,SF,드라마,미스터리,12세이상관람가,https://ssl.pstatic.net/imgmovie/mdi/mit110/1680/168058_P18_101211.jpg,6.96,https://movie.naver.com/movie/bi/mi/basic.nhn?code=168058
20177221,5,3851409,베놈,Venom,20181003.0,액션,SF,스릴러,15세이상관람가,https://ssl.pstatic.net/imgmovie/mdi/mit110/1680/168058_P18_101211.jpg,10.0,https://movie.naver.com/movie/bi/mi/basic.nhn?code=119428
20189123,10,486038,곰돌이 푸 다시 만나 행복해,Christopher Robin,20181003.0,어드벤처,SF,스릴러,전체관람가,https://ssl.pstatic.net/imgmovie/mdi/mit110/1680/168023_P15_161116.jpg,8.95,https://movie.naver.com/movie/bi/mi/basic.nhn?code=168023
20176122,7,5413370,안시성,The Great Battle,20180919.0,사극,액션,스릴러,12세이상관람가,https://ssl.pstatic.net/imgmovie/mdi/mit110/1635/163533_P99_105455.jpg,7.99,https://movie.naver.com/movie/bi/mi/basic.nhn?code=163533
20184678,8,29890,배반의 장미,Too Hot to Die,20181018.0,코미디,액션,스릴러,15세이상관람가,https://ssl.pstatic.net/imgmovie/mdi/mit110/1748/174807_P19_111000.jpg,5.31,https://movie.naver.com/movie/bi/mi/basic.nhn?code=174807
20187521,9,25631,펭귄 하이웨이,Penguin Highway,20181018.0,애니메이션,어드벤처,판타지,전체관람가,https://ssl.pstatic.net/imgmovie/mdi/mit110/1773/177381_P01_144141.jpg,6.61,https://movie.naver.com/movie/bi/mi/basic.nhn?code=177381
20180628,10,12152,액슬,A-X-L,20181018.0,액션,어드벤처,판타지,12세이상관람가,https://ssl.pstatic.net/imgmovie/mdi/mit110/1674/167481_P05_145414.jpg,6.98,https://movie.naver.com/movie/bi/mi/basic.nhn?code=167481
20180770,7,34822,다이노 어드벤처2: 육해공 공룡 대백과,Planet Dinosaur,20181009.0,애니메이션,액션,가족,전체관람가,https://ssl.pstatic.net/imgmovie/mdi/mit110/1784/178402_P16_115047.jpg,5.15,https://movie.naver.com/movie/bi/mi/basic.nhn?code=178402
20189462,8,83846,셜록 놈즈,Sherlock Gnomes,20181003.0,애니메이션,코미디,가족,전체관람가,https://ssl.pstatic.net/imgmovie/mdi/mit110/1586/158620_P19_101107.jpg,8.51,https://movie.naver.com/movie/bi/mi/basic.nhn?code=158620
20177308,9,1953273,협상,THE NEGOTIATION,20180919.0,범죄,코미디,가족,15세이상관람가,https://ssl.pstatic.net/imgmovie/mdi/mit110/1641/164106_P16_135532.jpg,7.32,https://movie.naver.com/movie/bi/mi/basic.nhn?code=164106
20188661,10,21620,에브리데이,EVERY DAY,20181011.0,멜로/로맨스,코미디,가족,12세이상관람가,https://ssl.pstatic.net/imgmovie/mdi/mit110/1708/170824_P15_182407.jpg,7.56,https://movie.naver.com/movie/bi/mi/basic.nhn?code=170824
20172204,6,2066465,명당,FENGSHUI,20180919.0,사극,코미디,가족,12세이상관람가,https://ssl.pstatic.net/imgmovie/mdi/mit110/1629/162981_P72_153440.jpg,7.05,https://movie.naver.com/movie/bi/mi/basic.nhn?code=162981
20167903,7,439910,원더풀 고스트,THE SOUL-MATE,20180926.0,코미디,드라마,범죄,12세이상관람가,https://ssl.pstatic.net/imgmovie/mdi/mit110/1521/152156_P76_134247.jpg,6.62,https://movie.naver.com/movie/bi/mi/basic.nhn?code=152156
20189262,9,1007366,더 넌,The Nun,20180919.0,공포(호러),드라마,범죄,15세이상관람가,https://ssl.pstatic.net/imgmovie/mdi/mit110/1680/168049_P02_145901.jpg,6.67,https://movie.naver.com/movie/bi/mi/basic.nhn?code=168049
20188304,7,151054,극장판 요괴워치 섀도사이드: 도깨비왕의 부활,Yo-Kai Watch 4,20180920.0,애니메이션,드라마,범죄,전체관람가,https://ssl.pstatic.net/imgmovie/mdi/mit110/1704/170496_P19_142149.jpg,8.84,https://movie.naver.com/movie/bi/mi/basic.nhn?code=170496
20180167,9,42980,에그엔젤 코코밍: 두근두근 핼러윈 파티,,20180922.0,애니메이션,드라마,범죄,전체관람가,https://ssl.pstatic.net/imgmovie/mdi/mit110/1784/178426_P18_102633.jpg,5.33,https://movie.naver.com/movie/bi/mi/basic.nhn?code=178426
20189746,10,35688,극장판 뽀잉: 슈퍼 변신의 비밀,"Boing, The Secret of Super Transformation",20180920.0,애니메이션,드라마,범죄,전체관람가,https://ssl.pstatic.net/imgmovie/mdi/mit110/1784/178445_P01_100308.jpg,8.98,https://movie.naver.com/movie/bi/mi/basic.nhn?code=178445
20156554,6,702096,물괴,Monstrum,20180912.0,액션,사극,범죄,15세이상관람가,https://ssl.pstatic.net/imgmovie/mdi/mit110/1329/132996_P35_100121.jpg,4.8,https://movie.naver.com/movie/bi/mi/basic.nhn?code=132996
20153446,8,2812226,너의 결혼식,On Your Wedding Day,20180822.0,멜로/로맨스,사극,범죄,12세이상관람가,https://ssl.pstatic.net/imgmovie/mdi/mit110/1406/140652_P38_143110.jpg,8.4,https://movie.naver.com/movie/bi/mi/basic.nhn?code=140652
20188581,10,169814,더 프레데터,The Predator,20180912.0,SF,액션,스릴러,청소년관람불가,https://ssl.pstatic.net/imgmovie/mdi/mit110/1273/127335_P10_172314.jpg,5.79,https://movie.naver.com/movie/bi/mi/basic.nhn?code=127335
20189362,5,178153,업그레이드,UPGRADE,20180906.0,액션,액션,스릴러,15세이상관람가,https://ssl.pstatic.net/imgmovie/mdi/mit110/1746/174626_P11_140653.jpg,9.03,https://movie.naver.com/movie/bi/mi/basic.nhn?code=174626
20177537,6,760945,상류사회,High Society,20180829.0,드라마,액션,스릴러,청소년관람불가,https://ssl.pstatic.net/imgmovie/mdi/mit110/1720/172010_P10_141651.jpg,4.24,https://movie.naver.com/movie/bi/mi/basic.nhn?code=172010
20181942,7,2280120,맘마미아!2,MAMMA MIA! HERE WE GO AGAIN,20180808.0,뮤지컬,액션,스릴러,12세이상관람가,https://ssl.pstatic.net/imgmovie/mdi/mit110/1641/164115_P50_104521.jpg,8.96,https://movie.naver.com/movie/bi/mi/basic.nhn?code=164115
20186202,8,12264813,신과함께-인과 연,Along with the Gods: The Last 49 Days,20180801.0,판타지,드라마,스릴러,12세이상관람가,https://ssl.pstatic.net/imgmovie/mdi/mit110/1676/167697_P01_113354.jpg,7.71,https://movie.naver.com/movie/bi/mi/basic.nhn?code=167697
20179101,9,4968325,공작,The Spy Gone North,20180808.0,드라마,드라마,스릴러,12세이상관람가,https://ssl.pstatic.net/imgmovie/mdi/mit110/1536/153687_P54_102718.jpg,6.84,https://movie.naver.com/movie/bi/mi/basic.nhn?code=153687
20170670,8,2512159,목격자,The Witness,20180815.0,스릴러,드라마,스릴러,15세이상관람가,https://ssl.pstatic.net/imgmovie/mdi/mit110/1483/148304_P01_104814.jpg,10.0,https://movie.naver.com/movie/bi/mi/basic.nhn?code=148304
20189261,9,41977,어드리프트:우리가 함께한 바다,ADRIFT,20180906.0,멜로/로맨스,드라마,스릴러,12세이상관람가,https://ssl.pstatic.net/imgmovie/mdi/mit110/1727/172768_P23_140008.jpg,8.73,https://movie.naver.com/movie/bi/mi/basic.nhn?code=172768
20187647,10,258016,나를 차버린 스파이,The Spy Who Dumped Me,20180822.0,액션,코미디,스릴러,15세이상관람가,https://ssl.pstatic.net/imgmovie/mdi/mit110/1676/167602_P09_101816.jpg,7.94,https://movie.naver.com/movie/bi/mi/basic.nhn?code=167602
20181181,9,6567099,미션 임파서블: 폴아웃,Mission:Impossible- Fallout,20180725.0,액션,스릴러,스릴러,15세이상관람가,https://ssl.pstatic.net/imgmovie/mdi/mit110/1542/154222_P07_114856.jpg,9.12,https://movie.naver.com/movie/bi/mi/basic.nhn?code=154222
20139221,10,3262924,그래비티,Gravity,20131017.0,SF,드라마,스릴러,12세이상관람가,https://ssl.pstatic.net/imgmovie/mdi/mit110/1809/180901_P01_161910.jpg,0.0,https://movie.naver.com/movie/bi/mi/basic.nhn?code=180901
20184802,7,1023630,몬스터 호텔 3,Hotel Transylvania 3: A Monster Vacation,20180808.0,애니메이션,코미디,가족,전체관람가,https://ssl.pstatic.net/imgmovie/mdi/mit110/1696/169643_P26_103310.jpg,8.59,https://movie.naver.com/movie/bi/mi/basic.nhn?code=169643
20183584,8,515536,메가로돈,The Meg,20180815.0,액션,공포(호러),SF,12세이상관람가,https://ssl.pstatic.net/imgmovie/mdi/mit110/1526/152661_P02_173353.jpg,5.85,https://movie.naver.com/movie/bi/mi/basic.nhn?code=152661
20187657,10,51350,마일22,Mile22,20180823.0,액션,어드벤처,스릴러,15세이상관람가,https://ssl.pstatic.net/imgmovie/mdi/mit110/1714/171499_P38_160259.jpg,7.41,https://movie.naver.com/movie/bi/mi/basic.nhn?code=171499
20187641,8,138640,극장판 도라에몽: 진구의 보물섬,Doraemon the Movie: Nobita's Treasure Island,20180815.0,애니메이션,SF,어드벤처,전체관람가,https://ssl.pstatic.net/imgmovie/mdi/mit110/1721/172118_P13_110330.jpg,8.78,https://movie.naver.com/movie/bi/mi/basic.nhn?code=172118
20187427,9,377257,명탐정 코난 : 제로의 집행인,Detective Conan: Zero the Enforcer,20180808.0,애니메이션,SF,어드벤처,12세이상관람가,https://ssl.pstatic.net/imgmovie/mdi/mit110/1730/173019_P30_150613.jpg,9.05,https://movie.naver.com/movie/bi/mi/basic.nhn?code=173019
20186501,10,854230,극장판 헬로카봇 : 백악기 시대,Hello Carbot the Movie: The Cretaceous Period,20180801.0,애니메이션,SF,어드벤처,전체관람가,https://ssl.pstatic.net/imgmovie/mdi/mit110/1757/175727_P08_154401.jpg,9.23,https://movie.naver.com/movie/bi/mi/basic.nhn?code=175727
20183361,8,2998015,인크레더블 2,INCREDIBLES 2,20180718.0,애니메이션,액션,어드벤처,전체관람가,https://ssl.pstatic.net/imgmovie/mdi/mit110/1369/136990_P27_140604.jpg,9.23,https://movie.naver.com/movie/bi/mi/basic.nhn?code=136990
20185242,9,667879,신비아파트: 금빛 도깨비와 비밀의 동굴,The Haunted House: The Secret of the Cave,20180725.0,애니메이션,판타지,어드벤처,전체관람가,https://ssl.pstatic.net/imgmovie/mdi/mit110/1748/174805_P12_100714.jpg,8.72,https://movie.naver.com/movie/bi/mi/basic.nhn?code=174805
20186121,10,123887,어느 가족,SHOPLIFTERS,20180726.0,드라마,판타지,어드벤처,15세이상관람가,https://ssl.pstatic.net/imgmovie/mdi/mit110/1721/172174_P20_110537.jpg,9.2,https://movie.naver.com/movie/bi/mi/basic.nhn?code=172174
20170942,6,891308,인랑,ILLANG : THE WOLF BRIGADE,20180725.0,SF,액션,어드벤처,15세이상관람가,https://ssl.pstatic.net/imgmovie/mdi/mit110/1099/109906_P00_103901.jpg,3.85,https://movie.naver.com/movie/bi/mi/basic.nhn?code=109906
20180522,9,5444801,앤트맨과 와스프,Ant-Man and the Wasp,20180704.0,액션,어드벤처,SF,12세이상관람가,https://ssl.pstatic.net/imgmovie/mdi/mit110/1443/144330_P05_110325.jpg,8.62,https://movie.naver.com/movie/bi/mi/basic.nhn?code=144330
20185341,10,3188405,마녀,The Witch : Part 1. The Subversion,20180627.0,미스터리,액션,SF,15세이상관람가,https://ssl.pstatic.net/imgmovie/mdi/mit110/1866/186657_P01_113547.jpg,3.77,https://movie.naver.com/movie/bi/mi/basic.nhn?code=186657
20181443,7,999978,스카이스크래퍼,skyscraper,20180711.0,액션,스릴러,SF,12세이상관람가,https://ssl.pstatic.net/imgmovie/mdi/mit110/1603/160375_P06_173757.jpg,7.61,https://movie.naver.com/movie/bi/mi/basic.nhn?code=160375
20188042,9,136885,독전: 익스텐디드 컷,,20180718.0,범죄,액션,SF,15세이상관람가,https://ssl.pstatic.net/imgmovie/mdi/mit110/1581/158178_P57_114234.jpg,7.53,https://movie.naver.com/movie/bi/mi/basic.nhn?code=158178
20186001,10,63047,신은 죽지 않았다 3: 어둠 속의 빛,God's Not Dead: A Light in Darkness,20180719.0,드라마,액션,SF,12세이상관람가,https://ssl.pstatic.net/imgmovie/mdi/mit110/1723/172344_P10_103439.jpg,8.35,https://movie.naver.com/movie/bi/mi/basic.nhn?code=172344
20185621,6,64950,호텔 아르테미스,Hotel Artemis,20180718.0,액션,범죄,SF,15세이상관람가,https://ssl.pstatic.net/imgmovie/mdi/mit110/1680/168030_P17_104131.jpg,6.49,https://movie.naver.com/movie/bi/mi/basic.nhn?code=168030
20180282,7,212507,속닥속닥,The Whispering,20180713.0,공포(호러),미스터리,SF,15세이상관람가,https://ssl.pstatic.net/imgmovie/mdi/mit110/1720/172003_P28_111928.jpg,5.07,https://movie.naver.com/movie/bi/mi/basic.nhn?code=172003
20184845,8,306647,미드나잇 선,Midnight Sun,20180621.0,멜로/로맨스,미스터리,SF,12세이상관람가,https://ssl.pstatic.net/imgmovie/mdi/mit110/1434/143416_P10_111257.jpg,8.8,https://movie.naver.com/movie/bi/mi/basic.nhn?code=143416
20174369,9,480256,변산,Sunset in My Hometown,20180704.0,드라마,미스터리,SF,15세이상관람가,https://ssl.pstatic.net/imgmovie/mdi/mit110/1641/164151_P53_104626.jpg,7.65,https://movie.naver.com/movie/bi/mi/basic.nhn?code=164151
20178161,6,3132986,탐정: 리턴즈,The Accidental Detective 2: In Action,20180613.0,코미디,범죄,SF,15세이상관람가,https://ssl.pstatic.net/imgmovie/mdi/mit110/1598/159892_P42_111355.jpg,8.4,https://movie.naver.com/movie/bi/mi/basic.nhn?code=159892
20172469,8,310759,허스토리,Herstory,20180627.0,드라마,범죄,SF,12세이상관람가,https://ssl.pstatic.net/imgmovie/mdi/mit110/1677/167787_P31_113629.jpg,9.29,https://movie.naver.com/movie/bi/mi/basic.nhn?code=167787
20185001,9,124908,빅샤크: 매직체인지,Happy Little Submarine : MagicBox of Time,20180627.0,애니메이션,범죄,SF,전체관람가,https://ssl.pstatic.net/imgmovie/mdi/mit110/1753/175365_P12_104946.jpg,6.98,https://movie.naver.com/movie/bi/mi/basic.nhn?code=175365
20182564,10,24419,"오늘 밤, 로맨스 극장에서",Color Me True,20180711.0,판타지,멜로/로맨스,SF,전체관람가,https://ssl.pstatic.net/imgmovie/mdi/mit110/1708/170859_P13_113709.jpg,8.42,https://movie.naver.com/movie/bi/mi/basic.nhn?code=170859
20179086,6,5644952,쥬라기 월드: 폴른 킹덤,JURASSIC WORLD: FALLEN KINGDOM,20180606.0,액션,어드벤처,SF,12세이상관람가,https://ssl.pstatic.net/imgmovie/mdi/mit110/1542/154285_P41_135031.jpg,8.01,https://movie.naver.com/movie/bi/mi/basic.nhn?code=154285
20184721,7,208131,시카리오: 데이 오브 솔다도,Sicario: Day of the Soldado,20180627.0,액션,범죄,드라마,15세이상관람가,https://ssl.pstatic.net/imgmovie/mdi/mit110/1526/152680_P03_101446.jpg,8.42,https://movie.naver.com/movie/bi/mi/basic.nhn?code=152680
20184903,9,1326792,오션스8,Ocean's 8,20180613.0,액션,범죄,드라마,12세이상관람가,https://ssl.pstatic.net/imgmovie/mdi/mit110/1536/153675_P08_114501.jpg,7.63,https://movie.naver.com/movie/bi/mi/basic.nhn?code=153675
20179383,8,5053105,독전,Believer,20180522.0,범죄,액션,드라마,15세이상관람가,https://ssl.pstatic.net/imgmovie/mdi/mit110/1581/158178_P57_114234.jpg,7.53,https://movie.naver.com/movie/bi/mi/basic.nhn?code=158178
20184101,10,88662,여중생A,Student A,20180620.0,드라마,액션,드라마,12세이상관람가,https://ssl.pstatic.net/imgmovie/mdi/mit110/1684/168405_P17_135233.jpg,6.32,https://movie.naver.com/movie/bi/mi/basic.nhn?code=168405
20185081,7,213596,아이 필 프리티,I Feel PRETTY,20180606.0,코미디,액션,드라마,15세이상관람가,https://ssl.pstatic.net/imgmovie/mdi/mit110/1680/168017_P30_153814.jpg,8.59,https://movie.naver.com/movie/bi/mi/basic.nhn?code=168017
20184689,8,23712,아일라,Ayla: The Daughter of War,20180621.0,드라마,전쟁,드라마,15세이상관람가,https://ssl.pstatic.net/imgmovie/mdi/mit110/1692/169240_P15_113521.jpg,9.49,https://movie.naver.com/movie/bi/mi/basic.nhn?code=169240
20090834,9,13325055,아바타,Avatar,20091217.0,SF,액션,어드벤처,12세이상관람가,https://movie.naver.com/movie/bi/mi/photoViewPopup.nhn?movieCode=62266,9.6,https://movie.naver.com/movie/bi/mi/basic.nhn?code=62266
20184801,10,167760,유전,Hereditary,20180607.0,공포(호러),액션,어드벤처,15세이상관람가,https://ssl.pstatic.net/imgmovie/mdi/mit110/1724/172420_P11_102917.jpg,7.17,https://movie.naver.com/movie/bi/mi/basic.nhn?code=172420
20135305,7,173368,극장판 포켓몬스터DP - 디아루가 VS 펄기아 VS 다크라이,,20180606.0,애니메이션,액션,어드벤처,전체관람가,https://ssl.pstatic.net/imgmovie/mdi/mit110/0682/68291_P22_141316.jpg,8.03,https://movie.naver.com/movie/bi/mi/basic.nhn?code=68291
20176848,8,3777696,데드풀 2,DEADPOOL 2,20180516.0,액션,어드벤처,코미디,청소년관람불가,https://ssl.pstatic.net/imgmovie/mdi/mit110/1492/149236_P30_154337.jpg,8.69,https://movie.naver.com/movie/bi/mi/basic.nhn?code=149236
20184512,10,12415,토니스토리2: 고철왕국의 친구들,Knight Rusty 2: Full Metal Racket,20180613.0,애니메이션,코미디,어드벤처,전체관람가,https://ssl.pstatic.net/imgmovie/mdi/mit110/1748/174878_P11_143134.jpg,5.8,https://movie.naver.com/movie/bi/mi/basic.nhn?code=174878
20177478,7,11176953,어벤져스: 인피니티 워,Avengers: Infinity War,20180425.0,액션,어드벤처,판타지,12세이상관람가,https://ssl.pstatic.net/imgmovie/mdi/mit110/1369/136900_P57_104126.jpg,9.38,https://movie.naver.com/movie/bi/mi/basic.nhn?code=136900
20184261,8,27390,벅스 프렌즈,The Ladybug,20180606.0,애니메이션,어드벤처,판타지,전체관람가,https://ssl.pstatic.net/imgmovie/mdi/mit110/1748/174804_P11_104502.png,8.06,https://movie.naver.com/movie/bi/mi/basic.nhn?code=174804
20183801,9,309313,트루스 오어 데어,Truth or Dare,20180522.0,공포(호러),스릴러,판타지,15세이상관람가,https://ssl.pstatic.net/imgmovie/mdi/mit110/1641/164183_P00_162500.jpg,7.17,https://movie.naver.com/movie/bi/mi/basic.nhn?code=164183
20173202,10,521670,버닝,BURNING,20180517.0,미스터리,스릴러,판타지,청소년관람불가,https://ssl.pstatic.net/imgmovie/mdi/mit110/1892/189276_P07_165646.jpg,3.33,https://movie.naver.com/movie/bi/mi/basic.nhn?code=189276
20180789,5,202950,한 솔로: 스타워즈 스토리,Solo: A Star Wars Story,20180524.0,액션,SF,판타지,12세이상관람가,https://ssl.pstatic.net/imgmovie/mdi/mit110/1446/144693_P08_135331.jpg,7.85,https://movie.naver.com/movie/bi/mi/basic.nhn?code=144693
20173865,8,41906,데자뷰,DEJA VU,20180530.0,미스터리,스릴러,판타지,15세이상관람가,https://ssl.pstatic.net/imgmovie/mdi/mit110/1671/167100_P27_113622.jpg,4.48,https://movie.naver.com/movie/bi/mi/basic.nhn?code=167100
20176053,9,30268,"스탠바이, 웬디",Please Stand By,20180530.0,드라마,스릴러,판타지,전체관람가,https://ssl.pstatic.net/imgmovie/mdi/mit110/1473/147388_P08_095317.jpg,8.81,https://movie.naver.com/movie/bi/mi/basic.nhn?code=147388
20182046,10,106529,"안녕, 나의 소녀",Take Me to the Moon,20180516.0,멜로/로맨스,스릴러,판타지,12세이상관람가,https://ssl.pstatic.net/imgmovie/mdi/mit110/1798/179841_P12_153806.jpg,7.96,https://movie.naver.com/movie/bi/mi/basic.nhn?code=179841
20184513,10,13114,위 베어 베어스: 베이비 베어스,We Bare Bears,20180524.0,애니메이션,드라마,가족,전체관람가,https://ssl.pstatic.net/imgmovie/mdi/mit110/1748/174806_P01_095311.jpg,7.95,https://movie.naver.com/movie/bi/mi/basic.nhn?code=174806
20189783,6,1117539,챔피언,Champion,20180501.0,드라마,드라마,가족,12세이상관람가,https://ssl.pstatic.net/imgmovie/mdi/mit110/1693/169347_P41_140014.jpg,6.28,https://movie.naver.com/movie/bi/mi/basic.nhn?code=169347
20183321,8,13924,마징가 Z: 인피니티,MAZINGER Z / INFINITY,20180517.0,애니메이션,SF,액션,12세이상관람가,https://ssl.pstatic.net/imgmovie/mdi/mit110/1701/170139_P14_105838.jpg,7.12,https://movie.naver.com/movie/bi/mi/basic.nhn?code=170139
20182561,9,97632,당갈,Dangal,20180425.0,액션,드라마,액션,12세이상관람가,https://ssl.pstatic.net/imgmovie/mdi/mit110/1572/157243_P15_104207.jpg,9.45,https://movie.naver.com/movie/bi/mi/basic.nhn?code=157243
20176067,10,37969,"부르고뉴, 와인에서 찾은 인생",Back to Burgundy,20180503.0,드라마,드라마,액션,15세이상관람가,https://ssl.pstatic.net/imgmovie/mdi/mit110/1646/164684_P13_114338.jpg,8.68,https://movie.naver.com/movie/bi/mi/basic.nhn?code=164684
